,TIME,POSICAO,NOME,PRECO,VALORIZACAO,PONTOS,MEDIA,JOGOS,RODADA,G,A,FT,FD,FF,FS,PP,I,PI,PS,SG,DP,DE,DS,GC,CV,CA,GS,FC,PC,NOME_ID,TIME_ID,POSICAO_ID,CAP
0,Outros,Técnico,Alberto Valentim,3.93,1.93,3.65,3.65,1,1,,,,,,,,,,,,,,,,,,,,,84863,1,6,0.0
1,Bragantino,Meia,Lucas Evangelista,14.34,8.34,14.6,14.6,1,1,1.0,1.0,,,,3.0,,,4.0,,,,,2.0,,,,,3.0,,84674,280,4,0.0
2,Cuiabá,Atacante,Elton,10.79,3.79,8.5,8.5,1,1,1.0,,,,1.0,,,,3.0,,,,,,,,,,,,38588,1371,5,0.0
3,Cuiabá,Zagueiro,Marllon,3.34,-0.66,0.8,0.8,1,1,,,,,1.0,,,,5.0,,,,,1.0,,,,,1.0,,70666,1371,3,0.0
4,Cuiabá,Goleiro,Walter,3.83,-1.17,0.5,0.5,1,1,,,,,,1.0,,,,,,,2.0,,,,,2.0,,,51413,1371,1,0.0
5,Flamengo,Lateral,Filipe Luís,5.36,0.36,2.7,2.7,1,1,,,,,,,,,13.0,,1.0,,,1.0,,,,,4.0,,38750,262,2,0.0
6,Cuiabá,Meia,Pepê,6.82,1.82,4.8,4.8,1,1,,,,,,4.0,,,7.0,,,,,5.0,,,,,3.0,,101573,1371,4,0.0
7,Internacional,Zagueiro,Lucas Ribeiro,0.7,-4.3,-4.3,-4.3,1,1,,,,,,1.0,,,8.0,,,,,1.0,,,1.0,,6.0,,103088,285,3,0.0
8,São Paulo,Atacante,Pablo,5.57,-1.43,1.0,1.0,1,1,,,,1.0,,,,1.0,2.0,,,,,1.0,,,,,1.0,,69138,276,5,0.0
9,Fluminense,Meia,Yago Felipe,4.59,-1.41,0.6,0.6,1,1,,,,,,2.0,,,4.0,,,,,3.0,,,1.0,,2.0,,87747,266,4,0.0
10,São Paulo,Lateral,Igor Vinícius,8.7,3.7,7.5,7.5,1,1,,,,,,1.0,,,10.0,,1.0,,,4.0,,,,,,1.0,95466,276,2,0.0
11,Internacional,Atacante,Yuri Alberto,3.76,-2.24,-1.2,-0.6,1,1,,,,,,1.0,,,1.0,,,,,,,,,,2.0,,100652,285,5,-1.2
12,Palmeiras,Meia,Gustavo Scarpa,10.0,2.13,8.0,5.65,2,2,,1.0,,,3.0,1.0,,,4.0,,,,,1.0,,,,,1.0,,87999,275,4,0.0
13,Palmeiras,Goleiro,Jailson,3.72,-0.28,2.0,2.0,1,2,,,,,,,,,,,,,3.0,,,,,1.0,,,72290,275,1,0.0
14,Fluminense,Meia,Gabriel Teixeira,8.37,3.98,10.0,6.65,2,2,1.0,,,,,3.0,,,,,,,,1.0,,,,,1.0,,110760,266,4,0.0
15,Palmeiras,Zagueiro,Luan,4.09,-0.02,2.1,1.5,2,2,,,,,,1.0,,,4.0,,,,,2.0,,,,,,,80692,275,3,0.0
16,Santos,Atacante,Marinho,18.16,-2.03,9.4,5.35,2,2,1.0,,,,,2.0,1.0,,3.0,,,,,1.0,,,,,2.0,,68952,277,5,9.4
17,Palmeiras,Meia,Raphael Veiga,9.94,-2.59,0.3,1.65,2,2,,,,,2.0,1.0,,,8.0,,,,,1.0,,,1.0,,,,94509,275,4,0.0
18,Atlético-MG,Lateral,Mariano,6.36,1.36,6.5,6.5,1,2,,,,,,2.0,,,5.0,,1.0,,,1.0,,,,,,,38877,282,2,0.0
19,Palmeiras,Atacante,Rony,8.85,-0.69,3.6,2.65,2,2,,,,1.0,2.0,,,1.0,7.0,,,,,2.0,,,,,,,91607,275,5,0.0
20,Atlético-MG,Zagueiro,Igor Rabello,3.21,-0.48,3.8,0.05,2,2,,,,,1.0,2.0,,,5.0,,1.0,,,,,,1.0,,1.0,,89493,282,3,0.0
21,Palmeiras,Técnico,Abel Ferreira,9.88,-0.41,4.05,3.41,2,2,,,,,,,,,,,,,,,,,,,,,110506,275,6,0.0
22,Bragantino,Atacante,Artur,13.8,6.14,18.1,10.05,2,2,1.0,1.0,,1.0,4.0,1.0,,,18.0,,,,,2.0,,,,,,,95799,280,5,0.0
23,Palmeiras,Lateral,Victor Luis,4.77,-0.24,1.3,1.75,2,2,,,,,1.0,1.0,,,5.0,,,,,1.0,,,,,1.0,,86410,275,2,0.0
24,Fortaleza,Atacante,Wellington Paulista,8.72,2.11,9.1,5.47,3,3,1.0,,,1.0,,,,,1.0,,,,,,,,,,,,38279,356,5,0.0
25,Flamengo,Zagueiro,Willian Arão,11.55,0.48,5.8,6.35,2,3,,,,,,1.0,,,2.0,,1.0,,,2.0,,,,,3.0,,78478,262,3,0.0
26,Fortaleza,Zagueiro,Marcelo Benevenuto,5.51,1.5,5.5,2.3,3,3,,,,,,1.0,,,,,1.0,,,1.0,,,,,2.0,,95638,356,3,0.0
27,Bragantino,Atacante,Ytalo,15.77,2.38,10.7,8.73,3,3,,2.0,,,,,,,3.0,,,,,1.0,,,,,,,53148,280,5,0.0
28,Bragantino,Meia,Claudinho,11.99,-2.7,1.5,2.3,2,3,,,,,4.0,1.0,,,17.0,,,,,,,,,,1.0,,92630,280,4,0.0
29,Santos,Atacante,Marinho,18.08,-0.08,10.4,5.3,3,3,,,,,1.0,1.0,,,6.0,,,,,5.0,,,,,1.0,,68952,277,5,10.4
30,Fortaleza,Lateral,Tinga,6.69,1.51,6.6,3.77,3,3,,,,,1.0,,,,12.0,,1.0,,,2.0,,,,,,,82628,356,2,0.0
31,Ceará,Meia,Vina,14.25,-1.74,0.7,4.0,2,3,,,,,1.0,,,,1.0,,,,,,,,,,,,71162,354,4,0.0
32,Fortaleza,Técnico,Juan Vojvoda,8.52,0.6,4.25,4.94,3,3,,,,,,,,,,,,,,,,,,,,,104754,356,6,0.0
33,Flamengo,Lateral,Filipe Luís,7.19,1.83,7.8,5.25,2,3,,,,,,1.0,,,7.0,,1.0,,,4.0,,,,,2.0,,38750,262,2,0.0
34,Internacional,Meia,Patrick,7.36,0.93,4.8,1.27,3,3,,,,,,4.0,,,2.0,,,,,4.0,,,,,2.0,,83433,285,4,0.0
35,Fortaleza,Goleiro,Felipe Alves,6.58,1.24,5.5,2.5,3,3,,,,,,1.0,,,,,1.0,,,,,,,,,,72372,356,1,0.0
36,São Paulo,Zagueiro,Bruno Alves,8.8,1.99,7.0,2.1,4,4,,,1.0,,,2.0,,,,,,,,3.0,,,,,,,73620,276,3,0.0
37,Grêmio,Atacante,Diego Souza,14.28,-0.77,2.7,2.8,2,4,,,,2.0,,2.0,,,7.0,,,,,,,,,,,,68911,284,5,0.0
38,Atlético-GO,Lateral,Dudu,12.77,0.0,5.7,6.83,3,4,,,,,,2.0,,,8.0,,1.0,,,2.0,,,,,3.0,,97133,373,2,0.0
39,Corinthians,Atacante,Gustavo Mosquito,7.67,0.95,6.6,3.73,4,4,,1.0,,,,2.0,,,4.0,,,,,1.0,,,,,,,97450,264,5,0.0
40,Palmeiras,Goleiro,Jailson,5.67,1.73,7.5,3.83,3,4,,,,,,1.0,,,,,1.0,,2.0,,,,,,,,72290,275,1,0.0
41,Atlético-GO,Meia,João Paulo,9.73,-1.22,1.0,5.4,3,4,,,,,,3.0,,,10.0,,,,,1.0,,,,,1.0,,86770,373,4,0.0
42,Palmeiras,Meia,Raphael Veiga,11.66,-0.47,4.4,4.23,4,4,,,,,3.0,,,,5.0,,,,,3.0,,,,,1.0,,94509,275,4,0.0
43,Corinthians,Técnico,Sylvinho,5.92,0.04,2.43,2.68,4,4,,,,,,,,,,,,,,,,,,,,,106047,264,6,0.0
44,Ceará,Meia,Fernando Sobral,13.6,0.78,7.0,6.07,3,4,,,,,,2.0,,,10.0,,,,,7.0,,,,,,,84428,354,4,0.0
45,São Paulo,Atacante,Luciano,8.34,-1.26,-2.8,0.9,4,4,,,,1.0,,2.0,,1.0,1.0,,,,,,,,1.0,,2.0,,80287,276,5,-2.8
46,Atlético-GO,Lateral,Igor Cariús,11.65,-0.57,2.9,6.47,3,4,,,,,,1.0,,,11.0,,1.0,,,1.0,,,1.0,,1.0,,91639,373,2,0.0
47,Atlético-GO,Zagueiro,Nathan Silva,7.2,0.36,4.3,4.43,3,4,,,,,,2.0,,,7.0,,1.0,,,,,,,,2.0,,95794,373,3,0.0
48,Palmeiras,Zagueiro,Renan,2.52,-1.61,-2.9,0.7,4,5,,,,,,1.0,,,9.0,,,,,1.0,,,1.0,,1.0,1.0,109963,275,3,0.0
49,Bragantino,Atacante,Ytalo,13.79,0.43,2.6,5.5,5,5,,,,,,,,1.0,4.0,,,,,4.0,,,,,1.0,,53148,280,5,0.0
50,Atlético-MG,Lateral,Guilherme Arana,8.8,-0.09,2.1,3.52,4,5,,,,,,,,,9.0,,,,,3.0,,,,,,,87228,282,2,0.0
51,Palmeiras,Goleiro,Jailson,6.82,1.15,8.0,4.87,4,5,,,,,,,,,,,,1.0,4.0,,,,1.0,1.0,,,72290,275,1,0.0
52,Palmeiras,Técnico,Abel Ferreira,10.87,0.17,4.64,4.15,5,5,,,,,,,,,,,,,,,,,,,,,110506,275,6,0.0
53,Athlético-PR,Zagueiro,Zé Ivaldo,6.07,-0.58,2.0,5.2,3,5,,,,,,2.0,,,5.0,,,,,2.0,,,,,1.0,,91866,293,3,0.0
54,Palmeiras,Meia,Gustavo Scarpa,13.73,0.48,7.9,7.54,5,5,,1.0,,2.0,1.0,1.0,,,18.0,,,,,1.0,,,,,,,87999,275,4,0.0
55,Palmeiras,Meia,Raphael Veiga,12.49,0.83,6.4,4.66,5,5,,,,1.0,1.0,3.0,,,6.0,,,,,5.0,,,,,3.0,,94509,275,4,0.0
56,Atlético-MG,Atacante,Hulk,20.03,-0.24,9.2,7.46,5,5,,,1.0,1.0,3.0,1.0,,,5.0,,,,,1.0,,,1.0,,2.0,,39148,282,5,9.2
57,Fortaleza,Lateral,Tinga,6.57,-0.92,0.0,3.52,5,5,,,,,,2.0,,1.0,10.0,,,,,3.0,,,1.0,,1.0,,82628,356,2,0.0
58,Ceará,Meia,Fernando Sobral,11.89,-1.71,-1.6,4.15,4,5,,,,,,,,,11.0,,,,,3.0,,,1.0,,3.0,,84428,354,4,0.0
59,Flamengo,Atacante,Vitinho,7.28,-1.61,0.8,5.3,3,5,,,,,2.0,3.0,,,23.0,,,,,2.0,,,,,4.0,,78435,262,5,0.0
60,Internacional,Técnico,Diego Aguirre,7.0,0.75,4.96,4.96,1,6,,,,,,,,,,,,,,,,,,,,,73766,285,6,0.0
61,Bragantino,Atacante,Artur,17.06,1.06,8.5,8.68,6,6,,1.0,,2.0,2.0,1.0,,,10.0,,,,,1.0,,,,,2.0,,95799,280,5,0.0
62,São Paulo,Lateral,Léo,8.89,0.68,4.4,2.53,6,6,,,,,,3.0,,,6.0,,,,,4.0,,,,,1.0,,85626,276,2,0.0
63,Fluminense,Meia,Gabriel Teixeira,7.64,-0.25,1.2,3.74,5,6,,,,,,5.0,,,8.0,,,,,2.0,,,1.0,,1.0,,110760,266,4,0.0
64,Atlético-MG,Goleiro,Everson,10.81,0.39,3.0,3.83,6,6,,,,,,,,,,,,,5.0,,,,,2.0,,,72294,282,1,0.0
65,Athlético-PR,Zagueiro,Thiago Heleno,10.09,-0.86,0.0,3.84,5,6,,,,,,1.0,,,5.0,,,,,,,,,,,,38394,293,3,0.0
66,Flamengo,Lateral,Matheuzinho,7.19,-0.19,4.8,7.67,3,6,,,,2.0,1.0,2.0,,,9.0,,,,,2.0,,,,,1.0,,101727,262,2,0.0
67,Flamengo,Atacante,Pedro,12.81,0.14,18.8,8.8,2,6,,1.0,,,2.0,2.0,,,2.0,,,,,2.0,,,,,,,94583,262,5,18.8
68,Internacional,Meia,Patrick,10.04,2.64,13.0,3.82,6,6,,1.0,,2.0,1.0,2.0,,,7.0,,,,,5.0,,,,,1.0,,83433,285,4,0.0
69,Palmeiras,Atacante,Willian,8.23,-1.49,2.8,4.02,5,6,,,,,1.0,1.0,,,5.0,,,,,2.0,,,,,,,42116,275,5,0.0
70,Atlético-MG,Zagueiro,Gabriel,8.1,1.07,6.5,5.15,4,6,1.0,,,,,,,1.0,5.0,,,,,2.0,,,1.0,,1.0,,87393,282,3,0.0
71,Bragantino,Meia,Lucas Evangelista,14.82,-0.35,0.3,4.62,6,6,,,,,,4.0,,,7.0,,,,,,,,,,2.0,,84674,280,4,0.0
72,Internacional,Técnico,Diego Aguirre,6.94,-0.06,2.61,3.78,2,7,,,,,,,,,,,,,,,,,,,,,73766,285,6,0.0
73,Atlético-MG,Goleiro,Everson,10.51,-0.3,2.0,3.57,7,7,,,,,,,,,,,,,4.0,,,,,2.0,,,72294,282,1,0.0
74,Atlético-MG,Zagueiro,Gabriel,7.42,-0.68,1.8,4.48,5,7,,,,,,,,,2.0,,,,,2.0,,,,,,,87393,282,3,0.0
75,Fluminense,Meia,Gabriel Teixeira,7.36,-0.28,0.6,3.22,6,7,,,,,1.0,,,,7.0,,,,,1.0,,,,,1.0,,110760,266,4,0.0
76,Internacional,Meia,Patrick,8.47,-1.57,1.8,3.53,7,7,,,,,,1.0,,,7.0,,,,,2.0,,,,,,,83433,285,4,0.0
77,Flamengo,Atacante,Pedro,11.87,-0.94,6.2,6.9,3,7,,,,1.0,1.0,1.0,,,4.0,,,,,1.0,,,,,,,94583,262,5,6.2
78,Bragantino,Atacante,Artur,16.02,-1.04,2.6,7.81,7,7,,,,,2.0,,,,10.0,,,,,3.0,,,,,2.0,,95799,280,5,0.0
79,Bragantino,Meia,Lucas Evangelista,15.38,0.56,4.8,4.65,7,7,,,,,,7.0,,,7.0,,,,,3.0,,,,,2.0,,84674,280,4,0.0
80,São Paulo,Lateral,Léo,8.89,0.0,0.0,2.53,6,7,,,,,,,,,,,,,,,,,,,,,85626,276,2,0.0
81,Palmeiras,Atacante,Willian,8.23,0.0,0.0,4.02,5,7,,,,,,,,,,,,,,,,,,,,,42116,275,5,0.0
82,Flamengo,Lateral,Matheuzinho,6.37,-0.82,0.1,5.78,4,7,,,,,,1.0,,,14.0,,,,,3.0,,,1.0,,,,101727,262,2,0.0
83,Athlético-PR,Zagueiro,Thiago Heleno,12.0,1.91,9.6,4.8,6,7,1.0,,,,1.0,,,,2.0,,,,,1.0,,,,,,,38394,293,3,0.0
84,Cuiabá,Meia,Pepê,9.58,-0.66,3.7,5.8,6,8,,,,,2.0,5.0,,,4.0,,,,,1.0,,,,,2.0,,101573,1371,4,0.0
85,Bragantino,Atacante,Ytalo,15.22,-0.64,3.2,6.86,8,8,,,,,1.0,1.0,,,2.0,,,,,1.0,,,,,1.0,,53148,280,5,3.2
86,Santos,Zagueiro,Luiz Felipe,6.8,-0.44,3.5,4.33,7,8,,,,,,,,,5.0,,1.0,,,2.0,,,1.0,,2.0,,79035,277,3,0.0
87,Bragantino,Meia,Claudinho,10.7,-0.41,2.8,2.85,4,8,,,,1.0,3.0,2.0,,,13.0,,,,,,,,,,1.0,,92630,280,4,0.0
88,Santos,Técnico,Fernando Diniz,7.84,0.02,5.3,4.18,8,8,,,,,,,,,,,,,,,,,,,,,72391,277,6,0.0
89,Flamengo,Lateral,Matheuzinho,7.65,1.28,7.0,6.02,5,8,,,,,2.0,1.0,,,11.0,,1.0,,,3.0,,,,,4.0,,101727,262,2,0.0
90,Flamengo,Atacante,Pedro,13.08,1.21,9.6,7.58,4,8,1.0,,,,1.0,2.0,,,2.0,,,,,,,,,,,,94583,262,5,0.0
91,Athlético-PR,Zagueiro,Zé Ivaldo,7.08,1.89,8.6,3.95,6,8,1.0,,,,1.0,1.0,,,7.0,,,,,,,,,,,,91866,293,3,0.0
92,Corinthians,Goleiro,Cássio,12.26,0.99,9.0,4.13,8,8,,,,,,,,,,,1.0,,4.0,,,,,,,,42234,264,1,0.0
93,Bahia,Atacante,Gilberto,16.61,3.42,17.2,7.84,8,8,2.0,,,1.0,1.0,,,,3.0,,,,,,,,,,1.0,,61188,265,5,0.0
94,Fortaleza,Meia,Éderson,12.45,3.11,15.7,5.88,8,8,,1.0,,1.0,4.0,4.0,,,12.0,,,,,6.0,,,,,1.0,,103099,356,4,0.0
95,Santos,Lateral,Pará,4.88,0.79,6.2,2.11,8,8,,,,,,1.0,,,3.0,,1.0,,,1.0,,,,,,,62086,277,2,0.0
96,Atlético-MG,Atacante,Hulk,20.85,-1.38,10.0,7.85,9,9,,1.0,,,,3.0,,1.0,5.0,,,,,1.0,,,,,3.0,,39148,282,5,10.0
97,Athlético-PR,Goleiro,Santos,13.81,-0.06,2.5,4.38,8,9,,,,,,1.0,,,,,,,3.0,,,,,1.0,,,69012,293,1,0.0
98,Palmeiras,Meia,Gustavo Scarpa,15.22,2.2,10.0,7.24,9,9,1.0,,,1.0,1.0,1.0,,,10.0,,,,,1.0,,,,,1.0,,87999,275,4,0.0
99,Chapecoense,Atacante,Kaio Nunes,4.51,0.9,5.0,5.88,4,9,,,,,1.0,3.0,,,3.0,,,,,4.0,,,,,2.0,,102563,315,5,0.0
100,Atlético-MG,Zagueiro,Réver,10.33,0.96,7.4,4.18,8,9,,,,,,1.0,,,6.0,,1.0,,,3.0,,,,,1.0,,52253,282,3,0.0
101,Flamengo,Lateral,Matheuzinho,7.45,-0.2,3.8,5.65,6,9,,,,,,,,,12.0,,,,,5.0,,,,,,,101727,262,2,0.0
102,Chapecoense,Técnico,Jair Ventura,4.55,-0.07,1.72,2.69,8,9,,,,,,,,,,,,,,,,,,,,,92180,315,6,0.0
103,São Paulo,Meia,Benítez,7.92,0.74,4.5,2.9,5,9,,,,1.0,1.0,5.0,,,15.0,,,,,2.0,,,,,1.0,,93550,276,4,0.0
104,Bragantino,Meia,Claudinho,11.89,1.19,7.9,3.86,5,9,,1.0,,1.0,1.0,2.0,,,11.0,,,,,2.0,,,,,2.0,,92630,280,4,0.0
105,Palmeiras,Zagueiro,Luan,5.83,0.08,4.4,2.92,7,9,,,,,,,,,6.0,,1.0,,,1.0,,,,,2.0,,80692,275,3,0.0
106,Athlético-PR,Lateral,Marcinho,12.01,-0.71,0.4,5.1,7,9,,,,,2.0,,,,7.0,,,,,,,,,,1.0,,93797,293,2,0.0
107,Santos,Atacante,Marinho,18.91,-0.62,5.0,6.72,8,9,,,,2.0,,4.0,,,4.0,,,,,1.0,,,,,,,68952,277,5,0.0
108,Bragantino,Atacante,Ytalo,14.71,-0.05,1.7,5.64,10,10,,,,,2.0,2.0,,,4.0,,,,,2.0,,,1.0,,1.0,,53148,280,5,0.0
109,Palmeiras,Atacante,Deyverson,6.15,-0.56,-0.3,3.71,8,10,,,,,,1.0,,,3.0,,,,,,,,,,1.0,,92708,275,5,0.0
110,Atlético-GO,Lateral,Natanael,13.48,0.18,2.1,5.85,8,10,,,,1.0,,2.0,,,11.0,,,,,2.0,,,,,2.0,,86264,373,2,0.0
111,Fortaleza,Meia,Yago Pikachu,18.83,0.58,14.0,6.58,10,10,,1.0,1.0,,,2.0,,1.0,10.0,,,,,,,,,,1.0,,80196,356,4,14.0
112,Fortaleza,Técnico,Juan Vojvoda,10.52,1.33,9.52,4.59,10,10,,,,,,,,,,,,,,,,,,,,,104754,356,6,0.0
113,Bahia,Meia,Rodriguinho,6.02,-1.28,1.1,3.65,9,10,,,,,1.0,1.0,,,7.0,,,,,1.0,,,,,1.0,,61033,265,4,0.0
114,Palmeiras,Goleiro,Jailson,7.94,1.11,10.0,4.75,8,10,,,,,,,,,,,1.0,,5.0,,,,,,,,72290,275,1,0.0
115,Atlético-GO,Zagueiro,Oliveira,3.61,-1.52,-1.2,2.58,5,10,,,,,,,,,7.0,,,,,,,,,,1.0,,94514,373,3,0.0
116,Atlético-GO,Zagueiro,Éder,8.32,-1.61,-2.6,3.27,7,10,,,,,,,,,1.0,,,,,1.0,,,1.0,,3.0,,91203,373,3,0.0
117,Palmeiras,Lateral,Viña,10.09,0.69,15.0,6.25,2,10,,1.0,,,1.0,,,,8.0,,1.0,,,5.0,,,,,,,98974,275,2,0.0
118,Fortaleza,Meia,Éderson,14.4,1.86,17.3,7.51,10,10,1.0,1.0,,,1.0,2.0,,,5.0,,,,,5.0,,,1.0,,,,103099,356,4,0.0
119,Flamengo,Atacante,Pedro,11.83,-0.18,2.0,5.68,6,10,,,,1.0,,2.0,,,2.0,,,,,,,,,,,,94583,262,5,0.0
120,Internacional,Técnico,Diego Aguirre,7.56,0.59,4.61,3.26,6,11,,,,,,,,,,,,,,,,,,,,,73766,285,6,0.0
121,Fortaleza,Zagueiro,Titi,9.74,0.55,7.0,3.99,11,11,,,,,,4.0,,1.0,5.0,,1.0,,,1.0,,,,,,,50353,356,3,0.0
122,Palmeiras,Goleiro,Jailson,5.91,-2.03,-2.5,3.94,9,11,,,,,,1.0,,,,,,,1.0,,,,1.0,2.0,,,72290,275,1,0.0
123,Flamengo,Meia,Arrascaeta,12.56,0.02,14.0,6.83,3,11,1.0,,,,1.0,2.0,,,23.0,,,,,2.0,,,1.0,,1.0,,87863,262,4,14.0
124,Palmeiras,Meia,Gustavo Scarpa,15.22,1.49,9.4,6.91,11,11,,1.0,,2.0,2.0,3.0,,,6.0,,,,,,,,,,1.0,,87999,275,4,0.0
125,Athlético-PR,Atacante,Vitinho,7.3,-0.16,6.8,3.72,9,11,,1.0,,1.0,,2.0,,,14.0,,,,,2.0,,,,,2.0,,101960,293,5,0.0
126,Internacional,Meia,Edenílson,17.69,-1.74,0.0,5.8,10,11,,,,,,1.0,,,5.0,,,,,,,,,,,,63289,285,4,0.0
127,Fluminense,Zagueiro,Manoel,6.57,-0.87,2.6,3.8,4,11,,,,,,2.0,,,4.0,,,,,2.0,,,,,,,69014,266,3,0.0
128,Fortaleza,Lateral,Tinga,9.02,1.16,10.3,4.05,11,11,,1.0,,,,2.0,,,7.0,,1.0,,,,,,,,,,82628,356,2,0.0
129,Flamengo,Lateral,Filipe Luís,6.94,0.35,2.1,3.32,9,11,,,,,,1.0,,,4.0,,,,,2.0,,,,,,,38750,262,2,0.0
130,Santos,Atacante,Marinho,18.98,0.07,7.6,6.82,9,11,1.0,,,,2.0,4.0,,,5.0,1.0,,,,1.0,,,1.0,,7.0,,68952,277,5,0.0
131,Flamengo,Atacante,Pedro,12.68,0.85,6.6,5.81,7,11,,1.0,,2.0,,,,,3.0,,,,,1.0,,,,,3.0,,94583,262,5,0.0
132,Fluminense,Goleiro,Muriel,2.71,-0.11,-1.0,-1.0,2,12,,,,,,,,,,,,,,,,,,1.0,,,69041,266,1,0.0
133,Internacional,Técnico,Diego Aguirre,7.95,0.39,5.09,3.52,7,12,,,,,,,,,,,,,,,,,,,,,73766,285,6,0.0
134,Corinthians,Lateral,Fagner,11.68,0.07,2.1,4.15,12,12,,,,,,2.0,,,9.0,,,,,2.0,,,,,,,42500,264,2,0.0
135,América-MG,Meia,Juninho Valoura,9.3,0.58,4.2,5.93,9,12,,,,1.0,1.0,6.0,,,13.0,,,,,2.0,,,,,3.0,,71937,327,4,0.0
136,Fluminense,Zagueiro,Luccas Claro,10.19,-0.27,3.4,2.88,10,12,,,1.0,,,1.0,,,1.0,,,,,1.0,,,,,2.0,,73465,266,3,0.0
137,Santos,Atacante,Marinho,18.58,-0.4,4.4,6.58,10,12,,,,1.0,1.0,7.0,,,6.0,,,,,2.0,,,1.0,,1.0,,68952,277,5,0.0
138,Bragantino,Meia,Praxedes,6.5,-0.34,2.8,4.55,6,12,,,,,,2.0,,,2.0,,,,,2.0,,,,,,,107744,280,4,0.0
139,Flamengo,Atacante,Gabriel,22.01,0.01,51.6,25.8,1,12,3.0,,,2.0,,1.0,,1.0,6.0,,,,,,,,,,,,83257,262,5,51.6
140,Bragantino,Atacante,Artur,16.37,1.1,6.5,6.34,12,12,,1.0,,1.0,,1.0,,,2.0,,,,,,,,,,,,95799,280,5,0.0
141,Fortaleza,Meia,Éderson,12.64,-1.76,4.0,7.19,11,12,,,,1.0,2.0,2.0,,,3.0,,,,,1.0,,,,,1.0,,103099,356,4,0.0
142,Corinthians,Zagueiro,João Victor,7.02,0.12,1.2,3.46,11,12,,,,,1.0,,,,6.0,,,,,1.0,,,,,,,104250,264,3,0.0
143,Palmeiras,Lateral,Viña,9.31,0.81,6.7,5.6,4,12,,,,,1.0,2.0,,,1.0,,1.0,,,,,,,,,,98974,275,2,0.0
144,Flamengo,Goleiro,Diego Alves,13.95,-0.52,4.0,4.0,10,13,,,,,,,,,,,,,5.0,,,,,1.0,,,38509,262,1,0.0
145,Fortaleza,Meia,Éderson,13.57,0.93,7.9,7.25,12,13,,,,1.0,1.0,5.0,,,6.0,,,,,4.0,,,,,,,103099,356,4,0.0
146,Atlético-MG,Atacante,Hulk,23.59,1.55,37.4,8.18,13,13,2.0,,,,,2.0,,,3.0,1.0,,,,1.0,,,,,,,39148,282,5,37.4
147,Flamengo,Lateral,Filipe Luís,7.79,-0.01,4.5,3.68,11,13,,1.0,,,,1.0,,,5.0,,,,,2.0,,,1.0,,1.0,,38750,262,2,0.0
148,Flamengo,Meia,Arrascaeta,14.3,0.91,11.9,8.42,5,13,,2.0,,,,2.0,,1.0,11.0,,,,,3.0,,,,,1.0,,87863,262,4,0.0
149,Bragantino,Meia,Raul,8.39,0.13,2.5,5.16,10,13,,,,,,2.0,,,5.0,,,,,3.0,,,,,2.0,,92496,280,4,0.0
150,Atlético-MG,Zagueiro,Nathan Silva,7.69,0.97,4.9,3.53,10,13,,,,,,,,,1.0,,1.0,,,,,,,,,,95794,282,3,0.0
151,Palmeiras,Atacante,Wesley,6.78,0.38,0.4,2.53,8,13,,,,,1.0,1.0,,,4.0,,,,,1.0,,,,,3.0,,105811,275,5,0.0
152,Athlético-PR,Zagueiro,Thiago Heleno,9.96,-0.31,1.7,3.34,10,13,,,,,,,,,3.0,,,,,2.0,,,,,,,38394,293,3,0.0
153,Santos,Atacante,Marinho,17.86,-0.72,0.3,6.01,11,13,,,1.0,,1.0,1.0,,1.0,10.0,,,,,,,,1.0,,1.0,,68952,277,5,0.0
154,Cuiabá,Técnico,Jorginho,3.05,-0.45,1.25,2.79,4,13,,,,,,,,,,,,,,,,,,,,,70323,1371,6,0.0
155,Palmeiras,Lateral,Marcos Rocha,8.78,1.34,8.3,3.05,9,13,,,,,,,,,7.0,,1.0,,,4.0,,,,,,,63013,275,2,0.0
156,Fortaleza,Zagueiro,Titi,8.34,-0.88,-1.2,3.5,13,14,,,,,,3.0,,,7.0,,,,,1.0,,,1.0,,2.0,,50353,356,3,0.0
157,Flamengo,Meia,Arrascaeta,13.93,-0.37,8.4,8.42,6,14,,1.0,,2.0,,1.0,,,10.0,,,,,4.0,,,1.0,,1.0,,87863,262,4,0.0
158,Palmeiras,Zagueiro,Gustavo Gómez,11.88,0.51,7.2,5.4,6,14,,,,,,,,,3.0,,1.0,,,3.0,,,,,1.0,,71684,275,3,0.0
159,Flamengo,Lateral,Filipe Luís,7.66,-0.13,3.5,3.67,12,14,,,,,,,,1.0,5.0,,,,,5.0,,,,,1.0,,38750,262,2,0.0
160,Palmeiras,Meia,Gustavo Scarpa,14.05,-0.15,1.4,6.09,14,14,,,,1.0,1.0,2.0,,,6.0,,,,,,,,,,2.0,,87999,275,4,0.0
161,Atlético-MG,Goleiro,Everson,12.39,-0.19,7.0,4.75,14,14,,,,,,,,,,,1.0,,1.0,1.0,,,,,,,72294,282,1,0.0
162,Bragantino,Atacante,Ytalo,14.76,-0.44,0.2,5.37,14,14,,,,,2.0,1.0,,1.0,9.0,,,,,,,,,,1.0,,53148,280,5,0.0
163,Flamengo,Atacante,Gabriel,19.18,0.61,13.6,11.53,3,14,,1.0,,1.0,1.0,1.0,,,7.0,,,,,,,,,,,,83257,262,5,13.6
164,Flamengo,Lateral,Isla,10.37,-1.48,2.1,5.52,5,14,,,,,,1.0,,,4.0,,,,,3.0,,,,,2.0,,69345,262,2,0.0
165,Cuiabá,Técnico,Jorginho,3.43,0.38,3.23,2.88,5,14,,,,,,,,,,,,,,,,,,,,,70323,1371,6,0.0
166,Fortaleza,Atacante,David,9.48,0.9,4.1,4.18,13,14,,,,2.0,1.0,2.0,,1.0,6.0,,,,,4.0,,,1.0,,2.0,,90309,356,5,0.0
167,Fortaleza,Meia,Éderson,13.4,-0.17,6.4,7.18,13,14,,,,,,1.0,,,1.0,,,,,6.0,,,,,,,103099,356,4,0.0
168,Cuiabá,Técnico,Jorginho,3.29,-0.14,1.76,2.69,6,15,,,,,,,,,,,,,,,,,,,,,70323,1371,6,0.0
169,Palmeiras,Meia,Gustavo Scarpa,14.34,0.29,3.1,5.89,15,15,,1.0,,,,1.0,,,9.0,,,,,,,,,,3.0,,87999,275,4,0.0
170,Palmeiras,Atacante,Deyverson,6.7,-0.19,0.7,3.37,13,15,,,,,,2.0,,,3.0,,,,,,,,,,,,92708,275,5,0.0
171,Palmeiras,Zagueiro,Luan,6.13,-1.07,1.9,3.61,9,15,,,,,,,,,6.0,,,,,3.0,,,,,1.0,,80692,275,3,0.0
172,Fortaleza,Meia,Éderson,12.83,-0.57,2.3,6.83,14,15,,,,,,3.0,,,2.0,,,,,1.0,,,,,,,103099,356,4,0.0
173,Atlético-MG,Goleiro,Everson,11.1,-1.29,-1.0,4.37,15,15,,,,,,,,,,,,,,,,,,1.0,,,72294,282,1,0.0
174,Cuiabá,Lateral,João Lucas,4.93,-0.07,4.3,3.55,12,15,,,,1.0,2.0,3.0,,1.0,5.0,,,,,1.0,,,,,,,104257,1371,2,0.0
175,Flamengo,Lateral,Filipe Luís,8.03,0.37,4.8,3.76,13,15,,,,,,2.0,,,7.0,,,,,5.0,,,,,1.0,,38750,262,2,0.0
176,Atlético-MG,Zagueiro,Nathan Silva,9.02,1.18,10.2,4.22,12,15,1.0,,,,,1.0,,,3.0,,,,,3.0,,,,,2.0,,95794,282,3,0.0
177,Atlético-MG,Atacante,Hulk,22.32,-1.27,9.8,8.3,14,15,1.0,,,,1.0,3.0,,,5.0,,,,,,,,,,,,39148,282,5,0.0
178,Flamengo,Atacante,Gabriel,17.0,-2.18,-10.6,7.32,4,15,,,,,1.0,,,1.0,6.0,,,,,,,1.0,,,,,83257,262,5,-10.6
179,Flamengo,Meia,Arrascaeta,13.08,-0.85,2.4,7.56,7,15,,,,,1.0,2.0,,,9.0,,,,,2.0,,,,,1.0,,87863,262,4,0.0
180,Flamengo,Zagueiro,Bruno Viana,4.87,1.3,6.9,2.47,3,16,,,,,1.0,,,,4.0,,1.0,,,2.0,,,,,1.0,,92291,262,3,0.0
181,Flamengo,Zagueiro,Léo Pereira,5.05,1.47,9.1,3.2,5,16,,,,1.0,,1.0,,,1.0,,1.0,,,3.0,,,,,1.0,,83528,262,3,0.0
182,Atlético-MG,Atacante,Hulk,21.26,-1.06,2.6,7.92,15,16,,,,1.0,,2.0,,,1.0,,,,,1.0,,,,,1.0,,39148,282,5,0.0
183,Flamengo,Meia,Arrascaeta,14.1,1.02,7.5,7.55,8,16,,1.0,,3.0,,,,,11.0,,,,,,,,,,,,87863,262,4,0.0
184,Flamengo,Lateral,Filipe Luís,8.69,0.66,7.2,4.01,14,16,,,,1.0,,,,,5.0,,1.0,,,2.0,,,,,1.0,,38750,262,2,0.0
185,Flamengo,Lateral,Isla,11.92,1.52,9.8,5.66,7,16,,1.0,,,,,,1.0,7.0,,1.0,,,2.0,,,,,2.0,,69345,262,2,0.0
186,Internacional,Técnico,Diego Aguirre,9.15,-0.33,6.11,4.29,11,16,,,,,,,,,,,,,,,,,,,,,73766,285,6,0.0
187,Fortaleza,Goleiro,Marcelo Boeck,3.52,0.12,0.0,4.5,5,16,,,,,,,,,,,,,1.0,,,,,1.0,,,37788,356,1,0.0
188,Flamengo,Atacante,Bruno Henrique,19.7,0.48,12.6,8.68,12,16,1.0,,,,,1.0,,,2.0,,,,,1.0,,,1.0,,2.0,,90285,262,5,12.6
189,Flamengo,Atacante,Pedro,12.8,0.61,5.5,4.83,12,16,,,,2.0,3.0,,,1.0,3.0,,,,,2.0,,,,,1.0,,94583,262,5,0.0
190,Internacional,Meia,Patrick,8.84,-2.17,1.1,3.88,14,16,,,,,,,,,4.0,,,,,3.0,,,,,3.0,,83433,285,4,0.0
191,Fortaleza,Meia,Éderson,13.24,0.41,4.2,6.65,15,16,,,,,2.0,2.0,,,4.0,,,,,3.0,,,,,2.0,,103099,356,4,0.0
192,Atlético-GO,Lateral,Natanael,13.64,-0.49,1.3,5.16,14,17,,,,,1.0,2.0,,,10.0,,,,,2.0,,,,,3.0,,86264,373,2,0.0
193,Atlético-GO,Zagueiro,Éder,7.56,0.15,0.3,1.33,13,17,,,,,,,,,2.0,,,,,1.0,,,,,1.0,,91203,373,3,0.0
194,Grêmio,Técnico,Luiz Felipe Scolari,8.65,1.25,7.1,4.07,7,17,,,,,,,,,,,,,,,,,,,,,43618,284,6,0.0
195,Grêmio,Atacante,Borja,10.5,1.83,7.6,6.5,3,17,1.0,,,,,,,,4.0,,,,,,,,,,,,86120,284,5,0.0
196,Fortaleza,Meia,Éderson,13.48,0.24,5.1,6.55,16,17,,,,1.0,2.0,2.0,,,2.0,,,,,2.0,,,,,1.0,,103099,356,4,0.0
197,Palmeiras,Meia,Raphael Veiga,13.26,0.59,3.8,4.71,16,17,,,,1.0,3.0,1.0,,,13.0,,,,,2.0,,,,,2.0,,94509,275,4,0.0
198,Flamengo,Atacante,Gabriel,17.82,0.82,4.0,6.26,5,17,,,,1.0,2.0,,,,8.0,,,,,,,,,,,,83257,262,5,4.0
199,Flamengo,Lateral,Filipe Luís,9.88,1.19,12.1,4.55,15,17,,1.0,,,1.0,2.0,,,7.0,,,,,6.0,,,,,,,38750,262,2,0.0
200,Palmeiras,Zagueiro,Renan,5.72,0.14,1.6,4.03,12,17,,,,,1.0,,,,2.0,,,,,1.0,,,,,,,109963,275,3,0.0
201,Atlético-MG,Atacante,Hulk,21.54,0.28,4.5,7.71,16,17,,,1.0,2.0,2.0,2.0,,,5.0,,,,,1.0,,,1.0,,2.0,1.0,39148,282,5,0.0
202,Fortaleza,Goleiro,Marcelo Boeck,3.87,0.35,2.0,4.08,6,17,,,,,,,,,,,,,3.0,,,,,1.0,,,37788,356,1,0.0
203,Bragantino,Meia,Praxedes,6.89,-1.67,0.2,4.99,9,17,,,,,,3.0,,,8.0,,,,,,,,,,1.0,,107744,280,4,0.0
204,Outros,Técnico,Guto Ferreira,9.25,-0.28,2.17,3.54,18,18,,,,,,,,,,,,,,,,,,,,,37245,1,6,0.0
205,Flamengo,Atacante,Gabriel,22.25,4.43,26.4,9.62,6,18,3.0,,,2.0,1.0,1.0,,,3.0,,,,,,,,,,2.0,,83257,262,5,0.0
206,Fortaleza,Goleiro,Marcelo Boeck,5.51,1.64,10.5,5.0,7,18,,,,,,1.0,,,,,1.0,,5.0,,,,,,,,37788,356,1,0.0
207,São Paulo,Zagueiro,Miranda,8.52,-1.79,-2.9,3.1,11,18,,,,,,,,,4.0,,,,,2.0,,,1.0,,5.0,,38141,276,3,0.0
208,Atlético-MG,Atacante,Hulk,21.26,-0.28,7.6,7.48,17,18,,,,1.0,3.0,2.0,,,3.0,,,,,1.0,,,,,3.0,,39148,282,5,7.6
209,Grêmio,Lateral,Vanderson,9.14,-1.4,1.4,3.92,12,18,,,,,,,,,11.0,,,,,3.0,,,,,1.0,,107750,284,2,0.0
210,Atlético-MG,Lateral,Guilherme Arana,8.58,-0.36,3.3,4.17,11,18,,,,1.0,1.0,3.0,,,12.0,,,,,2.0,,,,,2.0,,87228,282,2,0.0
211,Flamengo,Meia,Arrascaeta,13.08,-1.02,1.9,6.92,9,18,,,,1.0,2.0,3.0,,,9.0,,,,,,,,,,3.0,,87863,262,4,0.0
212,Fortaleza,Meia,Éderson,12.52,-0.96,0.0,6.16,17,18,,,,,,,,,,,,,,1.0,,,,,2.0,,103099,356,4,0.0
213,Atlético-MG,Atacante,Savarino,7.68,-0.1,0.7,5.25,10,18,,,,1.0,1.0,1.0,,,8.0,,,,,,,,,,2.0,,98672,282,5,0.0
214,Ceará,Meia,Lima,12.52,-0.09,3.9,5.78,16,18,,,,,1.0,3.0,,,9.0,,,,,3.0,,,,,1.0,,96340,354,4,0.0
215,Palmeiras,Zagueiro,Gustavo Gómez,10.7,-0.52,1.2,3.57,10,18,,,,,,,,1.0,3.0,,,,,2.0,,,,,,,71684,275,3,0.0
216,Fortaleza,Meia,Lucas Crispim,8.23,0.24,4.9,4.37,16,19,,,,1.0,3.0,4.0,,,12.0,,,,,1.0,,,,,1.0,,88597,356,4,0.0
217,Fortaleza,Atacante,Robson,12.3,-0.03,4.8,4.34,19,19,,,,,3.0,1.0,,,5.0,,,,,1.0,,,,,,1.0,84817,356,5,4.8
218,Corinthians,Lateral,Fagner,11.7,-0.92,1.3,4.17,18,19,,,,,,2.0,,,12.0,,,,,5.0,,,1.0,,3.0,,42500,264,2,0.0
219,Corinthians,Goleiro,Cássio,12.71,0.09,5.0,4.6,19,19,,,,,,,,,,,,,6.0,,,,,1.0,,,42234,264,1,0.0
220,Corinthians,Atacante,Jô,8.41,-0.43,4.7,4.19,16,19,,,1.0,,,2.0,,,3.0,,,,,1.0,,,,,,,38138,264,5,0.0
221,Athlético-PR,Zagueiro,Thiago Heleno,10.42,2.25,10.1,2.65,14,19,,,,,,1.0,,,4.0,,1.0,,,5.0,,,,,,,38394,293,3,0.0
222,Corinthians,Lateral,Fábio Santos,10.54,-0.68,1.8,3.35,17,19,,,,,1.0,2.0,,,5.0,,,,,2.0,,,,,3.0,,38229,264,2,0.0
223,Santos,Meia,Jean Mota,10.6,0.05,-0.7,4.32,17,19,,,,,,,,,7.0,,,,,,,,,,,,78548,277,4,0.0
224,Athlético-PR,Zagueiro,Pedro Henrique,7.84,0.44,4.3,1.94,14,19,,,,,,,,,7.0,,1.0,,,,,,,,,,87225,293,3,0.0
225,Fortaleza,Atacante,David,8.4,-0.03,0.4,3.19,17,19,,,,,,2.0,,,6.0,,,,,,,,,,,,90309,356,5,0.0
226,Corinthians,Técnico,Sylvinho,7.89,-0.32,2.6,3.53,19,19,,,,,,,,,,,,,,,,,,,,,106047,264,6,0.0
227,Fortaleza,Meia,Éderson,12.77,0.25,3.1,5.99,18,19,,,,,1.0,2.0,,,7.0,,,,,2.0,,,,,,,103099,356,4,0.0
228,Corinthians,Lateral,Fábio Santos,10.22,-0.32,-0.7,3.12,18,20,,,,,,1.0,,,12.0,,,,,2.0,,,1.0,,,,38229,264,2,0.0
229,Corinthians,Técnico,Sylvinho,8.09,0.2,2.8,3.49,20,20,,,,,,,,,,,,,,,,,,,,,106047,264,6,0.0
230,Internacional,Atacante,Yuri Alberto,5.86,0.64,8.2,3.91,18,20,,1.0,,1.0,1.0,1.0,,1.0,4.0,,,,,2.0,,,1.0,,5.0,,100652,285,5,8.2
231,Flamengo,Meia,Arrascaeta,12.55,-0.53,-0.1,6.22,10,20,,,,,,1.0,,,6.0,,,,,,,,,,,,87863,262,4,0.0
232,Santos,Lateral,Felipe Jonatan,9.98,1.12,5.5,3.33,18,20,,,,,,,,,10.0,,1.0,,,2.0,,,,,1.0,,101708,277,2,0.0
233,Internacional,Goleiro,Daniel,8.48,0.38,8.0,4.79,17,20,,,,,,,,,,,1.0,,3.0,,,,,,,,96468,285,1,0.0
234,Internacional,Meia,Edenílson,18.03,-0.26,-1.1,5.86,18,20,,,,,,,,,6.0,,,,,,,,,,1.0,,63289,285,4,0.0
235,Santos,Atacante,Lucas Braga,2.38,-0.6,-1.9,1.12,16,20,,,,,,5.0,,,9.0,,,,,1.0,,,1.0,,5.0,,99119,277,5,0.0
236,Atlético-MG,Atacante,Hulk,20.65,-0.61,1.6,7.15,18,20,,,,1.0,,3.0,,,6.0,,,,,,,,,,1.0,,39148,282,5,0.0
237,Internacional,Zagueiro,Bruno Méndez,6.94,0.67,8.0,5.05,10,20,,,,,,1.0,,,5.0,,1.0,,,3.0,,,,,,,103700,285,3,0.0
238,Corinthians,Zagueiro,João Victor,7.8,-0.2,1.0,3.64,19,20,,,,,,1.0,,,5.0,,,,,2.0,,,,,2.0,,104250,264,3,0.0
239,Athlético-PR,Meia,Terans,10.82,-1.28,1.1,5.55,17,20,,,,,1.0,3.0,,,7.0,,,,,,,,,,1.0,,102878,293,4,0.0
240,Flamengo,Atacante,Gabriel,18.55,-3.7,2.0,8.53,7,21,,,,,2.0,2.0,,,6.0,,,,,,,,,,,,83257,262,5,0.0
241,Atlético-MG,Zagueiro,Junior Alonso,9.07,-0.95,6.3,4.6,11,21,,,,,1.0,,,,5.0,,1.0,,,1.0,,,,,,,88312,282,3,0.0
242,Corinthians,Lateral,Fábio Santos,10.39,0.17,0.8,3.0,19,21,,,,,,1.0,,,7.0,,,,,1.0,,,,,,,38229,264,2,0.0
243,Corinthians,Atacante,Jô,9.16,0.75,7.6,4.39,17,21,,1.0,,2.0,,2.0,,,8.0,,,,,,,,,,,,38138,264,5,0.0
244,Atlético-MG,Lateral,Guilherme Arana,11.52,2.21,36.0,5.46,13,21,,2.0,,,2.0,1.0,,,6.0,,1.0,,,2.0,,,,,1.0,,87228,282,2,36.0
245,Atlético-MG,Zagueiro,Nathan Silva,8.69,0.09,6.5,3.92,17,21,,,,,,1.0,,,5.0,,1.0,,,2.0,,,,,1.0,,95794,282,3,0.0
246,Corinthians,Goleiro,Cássio,12.98,0.54,5.0,4.5,21,21,,,,,,,,,,,,,6.0,,,,,1.0,,,42234,264,1,0.0
247,Athlético-PR,Meia,Terans,11.46,0.64,4.7,5.5,18,21,,,,2.0,3.0,2.0,,,1.0,,,,,,,,,,2.0,,102878,293,4,0.0
248,Ceará,Meia,Lima,11.94,-0.6,0.6,5.41,18,21,,,,,1.0,,,,2.0,,,,,,,,,,,,96340,354,4,0.0
249,Atlético-MG,Técnico,Cuca,13.07,0.39,8.21,4.84,20,21,,,,,,,,,,,,,,,,,,,,,42411,282,6,0.0
250,Flamengo,Meia,Everton Ribeiro,8.24,-0.3,3.3,4.15,11,21,,,,,2.0,4.0,,,3.0,,,,,,,,,,,,51772,262,4,0.0
251,Juventude,Atacante,Ricardo Bueno,11.38,2.68,12.3,9.05,6,21,1.0,,,1.0,3.0,,,,3.0,,,,,1.0,,,,,,,69141,286,5,0.0
252,Internacional,Meia,Edenílson,18.92,-0.78,4.7,5.94,20,22,,1.0,,,,3.0,,,13.0,,,,,,,,,,1.0,,63289,285,4,0.0
253,Flamengo,Técnico,Renato Gaúcho,14.18,-0.06,2.9,5.25,10,22,,,,,,,,,,,,,,,,,,,,,41929,262,6,0.0
254,Ceará,Meia,Vina,11.24,-0.03,4.6,1.95,19,22,,,,2.0,2.0,3.0,,,9.0,,,,,,,,,,,,71162,354,4,0.0
255,Flamengo,Atacante,Bruno Henrique,18.53,0.98,4.8,7.59,14,22,,,,2.0,2.0,1.0,,,7.0,,,,,2.0,,,,,2.0,,90285,262,5,0.0
256,Internacional,Atacante,Yuri Alberto,6.96,-0.3,7.9,4.46,20,22,1.0,,,1.0,,1.0,,,8.0,,,,,,,,,,2.0,,100652,285,5,0.0
257,Flamengo,Lateral,Matheuzinho,6.84,-0.2,0.3,3.44,16,22,,,,,,1.0,,,7.0,,,,,3.0,,,1.0,,1.0,,101727,262,2,0.0
258,Flamengo,Zagueiro,Gustavo Henrique,4.77,-0.19,-0.5,2.92,11,22,,,,,,,,,5.0,,,,,,,,,,,,78248,262,3,0.0
259,Atlético-MG,Goleiro,Everson,12.17,-0.18,5.0,4.39,21,22,,,,,,,,,,,1.0,,,,,,,,,,72294,282,1,0.0
260,Flamengo,Zagueiro,Willian Arão,10.69,-0.68,2.3,3.85,18,22,,,,,,,,,7.0,,,,,3.0,,,,,,,78478,262,3,0.0
261,Flamengo,Atacante,Pedro,12.27,0.85,9.8,3.97,17,22,,,,2.0,,2.0,,1.0,5.0,,,,,3.0,,,,,1.0,,94583,262,5,9.8
262,Fortaleza,Meia,Éderson,14.12,0.38,8.1,6.2,21,22,,,,2.0,,2.0,,,3.0,,,,,5.0,,,,,,,103099,356,4,0.0
263,Flamengo,Lateral,Renê,5.5,-0.4,1.8,3.23,8,22,,,,,,,,,7.0,,,,,3.0,,,,,1.0,,78445,262,2,0.0
264,Atlético-MG,Goleiro,Everson,13.23,1.06,10.0,4.64,22,23,,,,,,,,,,,1.0,,5.0,,,,,,,,72294,282,1,0.0
265,Grêmio,Zagueiro,Ruan,3.6,0.42,2.5,3.39,13,23,,,,,,3.0,,,5.0,,,,,2.0,,,,,1.0,,100842,284,3,0.0
266,Grêmio,Técnico,Luiz Felipe Scolari,8.5,0.12,2.98,4.02,12,23,,,,,,,,,,,,,,,,,,,,,43618,284,6,0.0
267,Atlético-MG,Atacante,Savarino,7.5,-0.18,1.2,4.88,11,23,,,,1.0,,,,,,,,,,,,,,,,,98672,282,5,0.0
268,Flamengo,Atacante,Gabriel,19.02,0.47,12.2,8.23,8,23,,1.0,,,2.0,1.0,,,5.0,,,,,,,,,,1.0,,83257,262,5,12.2
269,Atlético-MG,Atacante,Hulk,21.09,0.38,4.4,6.91,21,23,,1.0,,,,2.0,,,6.0,,,,,,,,,,2.0,,39148,282,5,0.0
270,Grêmio,Zagueiro,Rodrigues,3.5,-0.36,-0.9,3.4,7,23,,,,1.0,1.0,,,,4.0,,,,,,,,1.0,,1.0,,91251,284,3,0.0
271,Corinthians,Meia,Renato Augusto,12.83,1.76,11.1,5.55,7,23,1.0,,,3.0,,,,,5.0,,,,,,,,,,,,38398,264,4,0.0
272,Atlético-MG,Lateral,Guilherme Arana,9.72,-0.74,4.1,5.66,15,23,,,,,,4.0,,,14.0,,1.0,,,2.0,,,1.0,,3.0,,87228,282,2,0.0
273,Flamengo,Meia,Arrascaeta,13.34,0.79,6.0,6.2,11,23,,1.0,,1.0,1.0,3.0,,,15.0,,,,,2.0,,,1.0,,2.0,,87863,262,4,0.0
274,Flamengo,Lateral,Filipe Luís,9.31,-0.09,6.6,4.85,17,23,,,,,,,,1.0,9.0,,1.0,,,3.0,,,,,,,38750,262,2,0.0
275,Fortaleza,Meia,Éderson,13.94,-0.18,5.8,6.18,22,23,,,,2.0,,6.0,,,6.0,,,,,4.0,,,1.0,,2.0,,103099,356,4,0.0
276,Flamengo,Atacante,Pedro,13.48,1.81,11.4,4.2,19,24,1.0,,,1.0,3.0,,,,2.0,,,,,1.0,,,,,2.0,,94583,262,5,0.0
277,Athlético-PR,Meia,Terans,12.7,1.24,12.2,5.85,19,24,1.0,1.0,,,1.0,1.0,,1.0,6.0,,,,,2.0,,,1.0,,2.0,,102878,293,4,0.0
278,Atlético-MG,Lateral,Dodô,6.45,-0.56,2.0,3.6,8,24,,,,1.0,,,,1.0,7.0,,,,,3.0,,,,,2.0,,68727,282,2,0.0
279,Atlético-MG,Técnico,Cuca,12.26,-0.37,2.74,4.71,23,24,,,,,,,,,,,,,,,,,,,,,42411,282,6,0.0
280,Flamengo,Lateral,Matheuzinho,6.94,0.1,1.3,3.31,17,24,,,,,,1.0,,,7.0,,,,,2.0,,,,,1.0,,101727,262,2,0.0
281,Internacional,Goleiro,Daniel,9.69,1.86,11.5,5.22,21,24,,,,,,1.0,,,,,1.0,,6.0,,,,,,,,96468,285,1,0.0
282,Internacional,Zagueiro,Bruno Méndez,7.26,0.7,7.2,5.02,14,24,,,,,,1.0,,,8.0,,1.0,,,3.0,,,,,1.0,,103700,285,3,0.0
283,Fortaleza,Meia,Éderson,13.3,-0.64,2.1,6.0,23,24,,,,,,2.0,,,4.0,,,,,2.0,,,,,1.0,,103099,356,4,0.0
284,Flamengo,Atacante,Michael,5.79,-0.34,-1.4,3.62,21,24,,,,,,,,,2.0,,,,,,,,,,1.0,,99392,262,5,-1.4
285,Fluminense,Zagueiro,Nino,10.53,0.42,4.4,3.97,16,24,,,,,,2.0,,,6.0,,,,,4.0,,,,,,,91708,266,3,0.0
286,Atlético-MG,Atacante,Hulk,20.59,-0.5,2.2,6.7,22,24,,,,1.0,2.0,2.0,,,6.0,,,,,,,,,,2.0,,39148,282,5,0.0
287,Palmeiras,Meia,Raphael Veiga,13.33,-1.37,2.7,5.06,20,24,,,,,1.0,4.0,,,6.0,,,,,2.0,,,,,3.0,,94509,275,4,0.0
288,Atlético-MG,Lateral,Guga,8.6,0.53,1.8,3.64,16,25,,,,,,1.0,,,7.0,,,,,3.0,,,,,2.0,,101319,282,2,0.0
289,Fluminense,Zagueiro,Nino,11.07,0.54,7.6,4.18,17,25,,,,,,2.0,,,4.0,,1.0,,,2.0,,,,,,,91708,266,3,0.0
290,Flamengo,Meia,Andreas Pereira,9.29,1.98,8.1,3.71,7,25,,1.0,,2.0,,1.0,,,8.0,,,,,1.0,,,,,,,89274,262,4,0.0
291,Corinthians,Atacante,Róger Guedes,15.49,-1.64,0.4,7.78,6,25,,,,,1.0,1.0,,,9.0,,,,,,,,,,,,89898,264,5,0.0
292,Atlético-MG,Técnico,Cuca,12.45,0.19,4.42,4.7,24,25,,,,,,,,,,,,,,,,,,,,,42411,282,6,0.0
293,Atlético-MG,Goleiro,Everson,11.93,0.35,3.0,4.38,24,25,,,,,,,,,,,,,4.0,,,,,1.0,,,72294,282,1,0.0
294,Atlético-MG,Atacante,Hulk,22.95,2.36,33.6,7.14,23,25,2.0,,,,1.0,2.0,,1.0,5.0,,,,,,,,,,,,39148,282,5,33.6
295,América-MG,Zagueiro,Lucas Kal,3.86,-0.04,2.4,7.55,8,25,,,,,,,,,6.0,,,,,4.0,,,,,2.0,,95662,327,3,0.0
296,Fortaleza,Meia,Éderson,13.58,0.28,4.5,5.94,24,25,,,,,,5.0,,,5.0,,,,,3.0,,,,,1.0,,103099,356,4,0.0
297,Palmeiras,Meia,Raphael Veiga,14.78,1.45,11.5,5.37,21,25,1.0,,,1.0,1.0,,,,10.0,,,,,3.0,,,,,1.0,,94509,275,4,0.0
298,Internacional,Lateral,Saravia,7.56,-0.4,3.0,4.56,15,25,,,,,,1.0,,,5.0,,,,,3.0,,,,,,,96725,285,2,0.0
299,Internacional,Atacante,Yuri Alberto,10.24,4.17,25.3,5.1,23,25,3.0,,,,,1.0,,,2.0,,,,,1.0,,,,,,,100652,285,5,0.0
300,Atlético-MG,Goleiro,Everson,11.63,-0.3,0.5,4.22,25,26,,,,,,1.0,,,,,,,1.0,,,,,1.0,,,72294,282,1,0.0
301,São Paulo,Zagueiro,Miranda,8.05,-0.33,-1.8,2.11,16,26,,,,,,1.0,,1.0,8.0,,,,,2.0,,,1.0,,2.0,,38141,276,3,0.0
302,Juventude,Atacante,Ricardo Bueno,10.77,-0.15,6.2,8.05,9,26,,,,1.0,,2.0,,,1.0,,,,,1.0,,,,,,,69141,286,5,6.2
303,Fortaleza,Meia,Yago Pikachu,18.58,1.33,8.2,5.12,25,26,1.0,,,,1.0,,,,6.0,,,,,,,,,,,,80196,356,4,0.0
304,Flamengo,Técnico,Renato Gaúcho,15.11,-0.1,5.58,5.45,14,26,,,,,,,,,,,,,,,,,,,,,41929,262,6,0.0
305,Internacional,Lateral,Saravia,7.65,0.09,2.8,4.45,16,26,,,,,,4.0,,1.0,7.0,,,,,2.0,,,,,,,96725,285,2,0.0
306,Fortaleza,Meia,Lucas Crispim,8.78,0.84,4.0,4.53,22,26,,,,1.0,1.0,1.0,,,10.0,,,,,3.0,,,,,1.0,,88597,356,4,0.0
307,Corinthians,Zagueiro,João Victor,9.29,1.5,9.3,3.67,24,26,,,,,1.0,,,,5.0,,1.0,,,4.0,,,,,,,104250,264,3,0.0
308,Flamengo,Atacante,Pedro,14.1,1.42,12.7,4.7,21,26,1.0,1.0,,,,,,,3.0,,,,,,,,,,,,94583,262,5,0.0
309,Flamengo,Lateral,Matheuzinho,7.72,-0.55,4.3,3.67,19,26,,,1.0,,,2.0,,,2.0,,,,,1.0,,,,,1.0,,101727,262,2,0.0
310,Athlético-PR,Meia,Terans,11.83,0.75,5.7,5.67,21,26,,,1.0,1.0,2.0,2.0,,,6.0,,,,,,,,,,1.0,,102878,293,4,0.0
311,Corinthians,Atacante,Róger Guedes,15.53,0.04,1.1,6.83,7,26,,,,,,4.0,,,4.0,,,,,,,,,,1.0,,89898,264,5,0.0
312,Flamengo,Zagueiro,Willian Arão,11.74,1.03,8.1,3.91,23,27,,,,,,1.0,,,4.0,,1.0,,,3.0,,,,,,,78478,262,3,0.0
313,Flamengo,Atacante,Michael,7.17,-0.87,3.5,4.48,24,27,,,,2.0,2.0,1.0,,,5.0,,,,,,,,,,1.0,,99392,262,5,0.0
314,Flamengo,Lateral,Filipe Luís,9.42,0.63,6.5,4.86,20,27,,,,1.0,,,,,12.0,,1.0,,,4.0,,,1.0,,1.0,,38750,262,2,0.0
315,Flamengo,Técnico,Renato Gaúcho,15.0,-0.11,5.31,5.44,15,27,,,,,,,,,,,,,,,,,,,,,41929,262,6,0.0
316,Atlético-MG,Goleiro,Everson,11.54,-0.09,1.0,4.1,26,27,,,,,,,,,,,,,3.0,,,,,2.0,,,72294,282,1,0.0
317,Atlético-MG,Lateral,Guilherme Arana,9.89,0.17,6.0,5.68,16,27,,,,1.0,1.0,2.0,,1.0,5.0,,,,,4.0,,,,,,,87228,282,2,0.0
318,Fortaleza,Meia,Éderson,12.86,-0.59,0.2,5.59,26,27,,,,,1.0,,,,1.0,,,,,,,,,,1.0,,103099,356,4,0.0
319,Atlético-MG,Zagueiro,Junior Alonso,8.74,-0.29,3.5,4.73,14,27,,,,,1.0,,,,3.0,,,,,3.0,,,,,,,88312,282,3,0.0
320,Fortaleza,Meia,Yago Pikachu,18.28,-0.3,6.9,5.19,26,27,1.0,,,,,2.0,,1.0,6.0,,,,,1.0,,,1.0,,,,80196,356,4,0.0
321,Flamengo,Meia,Andreas Pereira,9.23,-2.14,1.6,4.77,9,27,,,,,,1.0,,,19.0,,,,,4.0,,,,,2.0,,89274,262,4,0.0
322,Atlético-MG,Atacante,Hulk,20.72,-2.23,2.6,6.95,24,27,,,,1.0,,2.0,,,6.0,,,,,2.0,,,,,2.0,,39148,282,5,0.0
323,Flamengo,Atacante,Gabriel,17.57,-1.45,0.8,7.36,9,27,,,,,2.0,,,,7.0,,,,,,,,,,1.0,,83257,262,5,0.8
324,Palmeiras,Zagueiro,Luan,6.47,-1.2,0.9,3.41,20,28,,,,,1.0,1.0,,,4.0,,,,,,,,,,,,80692,275,3,0.0
325,Santos,Atacante,Marinho,17.06,0.76,6.0,5.03,19,28,,,,2.0,3.0,3.0,,1.0,8.0,,,,,2.0,,,,,2.0,,68952,277,5,0.0
326,Bahia,Atacante,Gilberto,14.74,1.16,10.2,4.55,25,28,1.0,,,1.0,1.0,1.0,,,3.0,,,,,,,,,,,,61188,265,5,0.0
327,Fortaleza,Meia,Yago Pikachu,18.64,0.36,9.4,5.35,27,28,1.0,,,1.0,,1.0,,,3.0,,,,,,,,,,,,80196,356,4,0.0
328,Atlético-MG,Zagueiro,Junior Alonso,8.21,-0.53,0.7,4.46,15,28,,,,,,,,,3.0,,,,,1.0,,,,,,,88312,282,3,0.0
329,Palmeiras,Técnico,Abel Ferreira,12.28,-0.06,5.76,4.17,27,28,,,,,,,,,,,,,,,,,,,,,110506,275,6,0.0
330,Fortaleza,Meia,Éderson,12.54,-0.32,-0.6,5.36,27,28,,,,,1.0,3.0,,,9.0,,,,,2.0,,,1.0,,4.0,,103099,356,4,0.0
331,Atlético-MG,Atacante,Hulk,22.1,1.38,23.4,7.14,25,28,1.0,,,3.0,1.0,3.0,,,7.0,,,,,,,,,,3.0,,39148,282,5,23.4
332,Palmeiras,Lateral,Piquerez,6.25,-0.41,4.5,4.33,8,28,,,,2.0,1.0,1.0,,,12.0,,,,,2.0,,,,,,,102130,275,2,0.0
333,Atlético-MG,Goleiro,Everson,11.66,0.12,2.5,4.04,27,28,,,,,,1.0,,,,,,,3.0,,,,,1.0,,,72294,282,1,0.0
334,Atlético-MG,Lateral,Guilherme Arana,10.29,0.4,8.1,5.82,17,28,,1.0,,1.0,2.0,2.0,,,12.0,,,,,1.0,,,,,1.0,,87228,282,2,0.0
335,Internacional,Meia,Edenílson,17.13,0.66,0.3,4.92,23,28,,,,,1.0,2.0,,,5.0,,,,,,,,,,2.0,,63289,285,4,0.0
336,Corinthians,Técnico,Sylvinho,8.61,0.24,4.84,3.55,28,29,,,,,,,,,,,,,,,,,,,,,106047,264,6,0.0
337,Sport,Lateral,Sander,6.81,0.83,7.9,4.14,17,29,,,,1.0,,2.0,,,8.0,,1.0,,,2.0,,,,,1.0,,86391,292,2,0.0
338,Atlético-GO,Lateral,Arnaldo,6.73,-1.29,-3.0,3.74,20,29,,,,,,1.0,,,5.0,,,,,1.0,,,1.0,,4.0,,78497,373,2,0.0
339,Flamengo,Goleiro,Diego Alves,13.59,0.75,5.0,3.87,22,29,,,,,,,,,,,1.0,,2.0,,,,1.0,,,,38509,262,1,0.0
340,Fortaleza,Meia,Éderson,12.32,-0.22,-1.1,5.13,28,29,,,,,,3.0,,,1.0,,,,,1.0,,,1.0,,3.0,,103099,356,4,0.0
341,Flamengo,Atacante,Bruno Henrique,18.13,0.12,6.5,7.16,17,29,,1.0,,,1.0,6.0,,,3.0,,,,,2.0,,,1.0,,4.0,,90285,262,5,0.0
342,América-MG,Atacante,Ademir,9.52,0.25,12.2,5.17,21,29,1.0,,,,3.0,2.0,,1.0,7.0,,,,,2.0,,,,,,,101314,327,5,0.0
343,Corinthians,Zagueiro,João Victor,9.04,1.26,8.4,3.72,26,29,,,,1.0,1.0,3.0,,,6.0,,1.0,,,1.0,,,,,1.0,,104250,264,3,0.0
344,Grêmio,Meia,Villasanti,8.52,0.16,4.5,5.07,9,29,,,,,,1.0,,,5.0,,,,,5.0,,,,,1.0,,97145,284,4,0.0
345,Corinthians,Meia,Giuliano,9.05,-1.42,0.3,3.73,14,29,,,,,,2.0,,,7.0,,,,,,,,,,,,51548,264,4,0.0
346,Corinthians,Atacante,Róger Guedes,16.58,1.38,21.0,6.14,10,29,1.0,,,,3.0,4.0,,,14.0,,,,,,,,,,1.0,,89898,264,5,21.0
347,América-MG,Zagueiro,Lucas Kal,3.91,-0.58,1.0,6.18,12,29,,,,,1.0,,,,8.0,,,,,2.0,,,,,2.0,,95662,327,3,0.0
